{"Version":"1.0.0.0","LastState":11,"Modules":[{"ModuleName":"Front Left","ModuleId":0,"Encoder":{"Id":1,"Name":"Front Left Encoder","Model":"CANCoder","CANbus":"9F067EAD394C4853202020500A3418FF","CANbusFriendly":"drivecan","SelectedMotorType":null,"IsStandaloneFx":false},"SteerMotor":{"Id":6,"Name":"Front Left Steer","Model":"Talon FX","CANbus":"9F067EAD394C4853202020500A3418FF","CANbusFriendly":"drivecan","SelectedMotorType":{"Name":"WCP Kraken x60","FreeSpeedRps":96.7,"SlipCurrentLimit":120,"StatorCurrentLimit":60},"IsStandaloneFx":false},"DriveMotor":{"Id":5,"Name":"Front Left Drive","Model":"Talon FX","CANbus":"9F067EAD394C4853202020500A3418FF","CANbusFriendly":"drivecan","SelectedMotorType":{"Name":"WCP Kraken x60","FreeSpeedRps":96.7,"SlipCurrentLimit":120,"StatorCurrentLimit":60},"IsStandaloneFx":false},"IsEncoderInverted":false,"IsSteerInverted":false,"SelectedEncoderType":"CANcoder","EncoderOffset":0.45068359375,"DriveMotorSelectionState":1,"SteerMotorSelectionState":1,"SteerEncoderSelectionState":1,"IsModuleValidationComplete":true,"ValidatedSteerId":6,"ValidatedDriveId":5,"ValidatedEncoderId":1},{"ModuleName":"Front Right","ModuleId":1,"Encoder":{"Id":2,"Name":"Front Right Encoder","Model":"CANCoder","CANbus":"9F067EAD394C4853202020500A3418FF","CANbusFriendly":"drivecan","SelectedMotorType":null,"IsStandaloneFx":false},"SteerMotor":{"Id":7,"Name":"Front Right Steer","Model":"Talon FX","CANbus":"9F067EAD394C4853202020500A3418FF","CANbusFriendly":"drivecan","SelectedMotorType":{"Name":"WCP Kraken x60","FreeSpeedRps":96.7,"SlipCurrentLimit":120,"StatorCurrentLimit":60},"IsStandaloneFx":false},"DriveMotor":{"Id":10,"Name":"Front Right Drive","Model":"Talon FX","CANbus":"9F067EAD394C4853202020500A3418FF","CANbusFriendly":"drivecan","SelectedMotorType":{"Name":"WCP Kraken x60","FreeSpeedRps":96.7,"SlipCurrentLimit":120,"StatorCurrentLimit":60},"IsStandaloneFx":false},"IsEncoderInverted":false,"IsSteerInverted":false,"SelectedEncoderType":"CANcoder","EncoderOffset":-0.043701171875,"DriveMotorSelectionState":1,"SteerMotorSelectionState":1,"SteerEncoderSelectionState":1,"IsModuleValidationComplete":true,"ValidatedSteerId":7,"ValidatedDriveId":10,"ValidatedEncoderId":2},{"ModuleName":"Back Left","ModuleId":2,"Encoder":{"Id":3,"Name":"Rear Left Encoder","Model":"CANCoder","CANbus":"9F067EAD394C4853202020500A3418FF","CANbusFriendly":"drivecan","SelectedMotorType":null,"IsStandaloneFx":false},"SteerMotor":{"Id":9,"Name":"Left Rear Steer","Model":"Talon FX","CANbus":"9F067EAD394C4853202020500A3418FF","CANbusFriendly":"drivecan","SelectedMotorType":{"Name":"WCP Kraken x60","FreeSpeedRps":96.7,"SlipCurrentLimit":120,"StatorCurrentLimit":60},"IsStandaloneFx":false},"DriveMotor":{"Id":8,"Name":"Left Rear Drive","Model":"Talon FX","CANbus":"9F067EAD394C4853202020500A3418FF","CANbusFriendly":"drivecan","SelectedMotorType":{"Name":"WCP Kraken x60","FreeSpeedRps":96.7,"SlipCurrentLimit":120,"StatorCurrentLimit":60},"IsStandaloneFx":false},"IsEncoderInverted":false,"IsSteerInverted":false,"SelectedEncoderType":"CANcoder","EncoderOffset":0.266357421875,"DriveMotorSelectionState":1,"SteerMotorSelectionState":1,"SteerEncoderSelectionState":1,"IsModuleValidationComplete":true,"ValidatedSteerId":9,"ValidatedDriveId":8,"ValidatedEncoderId":3},{"ModuleName":"Back Right","ModuleId":3,"Encoder":{"Id":4,"Name":"Rear Right Encoder","Model":"CANCoder","CANbus":"9F067EAD394C4853202020500A3418FF","CANbusFriendly":"drivecan","SelectedMotorType":null,"IsStandaloneFx":false},"SteerMotor":{"Id":11,"Name":"Rear Right Steer","Model":"Talon FX","CANbus":"9F067EAD394C4853202020500A3418FF","CANbusFriendly":"drivecan","SelectedMotorType":{"Name":"WCP Kraken x60","FreeSpeedRps":96.7,"SlipCurrentLimit":120,"StatorCurrentLimit":60},"IsStandaloneFx":false},"DriveMotor":{"Id":12,"Name":"Right Rear Drive","Model":"Talon FX","CANbus":"9F067EAD394C4853202020500A3418FF","CANbusFriendly":"drivecan","SelectedMotorType":{"Name":"WCP Kraken x60","FreeSpeedRps":96.7,"SlipCurrentLimit":120,"StatorCurrentLimit":60},"IsStandaloneFx":false},"IsEncoderInverted":false,"IsSteerInverted":false,"SelectedEncoderType":"CANcoder","EncoderOffset":-0.10498046875,"DriveMotorSelectionState":1,"SteerMotorSelectionState":1,"SteerEncoderSelectionState":1,"IsModuleValidationComplete":true,"ValidatedSteerId":11,"ValidatedDriveId":12,"ValidatedEncoderId":4}],"SwerveOptions":{"kSpeedAt12Volts":5.213368288877142,"Gyro":{"Id":20,"Name":"Pigeon 2 (Device ID 20)","Model":"Pigeon 2","CANbus":"9F067EAD394C4853202020500A3418FF","CANbusFriendly":"drivecan","SelectedMotorType":null,"IsStandaloneFx":false},"IsValidGyroCANbus":true,"VerticalTrackSizeInches":23.0,"HorizontalTrackSizeInches":22.5,"WheelRadiusInches":2.0,"IsLeftSideInverted":false,"IsRightSideInverted":true,"SwerveModuleType":3,"SwerveModuleConfiguration":{"ModuleBrand":3,"DriveRatio":6.122448979591837,"SteerRatio":12.8,"CouplingRatio":3.5714285714285716,"CustomName":"L3"},"HasVerifiedSteer":true,"SelectedModuleManufacturer":"Swerve Drive Specialties (SDS)","HasVerifiedDrive":false,"IsValidConfiguration":true}}